<?xml version="1.0" encoding="UTF-8"?>
<!DOCTYPE suite SYSTEM "https://testng.org/testng-1.0.dtd">


<suite name="Suite" thread-count="5">
	
  <listeners>
	  <listener class-name="utilities.ExtentReportManager" />
  </listeners>
  
   
  
  <test name="Linux-Chrome">
    <parameter name="os" value="Linux"/>
    <parameter name="browser" value="chrome"/>
     
    <classes>
           <class name="testCases.TC001_AccountRegistrationTest"/> 
     		<class name="testCases.TC002_LoginTest"/> 
    </classes>
  </test> 
  
 

 <test name="Linux-Firefox">
    <parameter name="os" value="Linux"/>
    <parameter name="browser" value="firefox"/>
     
    <classes>
            <class name="testCases.TC001_AccountRegistrationTest"/> 
    		 <class name="testCases.TC002_LoginTest"/> 
    </classes>
  </test>
  
  
</suite> <!-- Suite -->
